,id,symbol,partner_symbol,data_available_from,data_available_date
0XBTC,877383,0XBTC,0XBTC,1517961600,2018-02-07
1ST,28328,1ST,1ST,1481241600,2016-12-09
1WO,925200,1WO,1WO,1512000000,2017-11-30
AAC,925291,AAC,AAC,1514505600,2017-12-29
ABCC,925864,ABCC,AT,1531008000,2018-07-08
ABT,758055,ABT,ABT,1519344000,2018-02-23
ABYSS,419711,ABYSS,ABYSS,1524009600,2018-04-18
ACCN,716854,ACCN,ACC,1507248000,2017-10-06
ACE,294364,ACE,ACE,1510012800,2017-11-07
ADA,321992,ADA,ADA,1506124800,2017-09-23
ADB,468052,ADB,ADB,1513123200,2017-12-13
ADH,866454,ADH,ADH,1523318400,2018-04-10
ADI,780883,ADI,ADI,1514419200,2017-12-28
ADL,127738,ADL,ADL,1516752000,2018-01-24
ADT,188858,ADT,ADT,1497830400,2017-06-19
ADX,170452,ADX,ADX,1498780800,2017-06-30
AE,190978,AE,AE,1504310400,2017-09-02
AEN,924988,AEN,AEN,1525046400,2018-04-30
AERGO,928382,AERGO,AERGO,1542844800,2018-11-22
AGI,710156,AGI,AGI,1513814400,2017-12-21
AGVC,928332,AGVC,AGVC,1551657600,2019-03-04
AID,368770,AID,AID,1511136000,2017-11-20
AIDOC,684818,AIDOC,AIDOC,1513468800,2017-12-17
AIT,777027,AIT,AIT,1515110400,2018-01-05
AIX,187030,AIX,AIX,1510617600,2017-11-14
ALIS,331603,ALIS,ALIS,1503619200,2017-08-25
ALX,787696,ALX,ALX,1525305600,2018-05-03
AMB,238733,AMB,AMB,1508630400,2017-10-22
AMLT,925145,AMLT,AMLT,1510272000,2017-11-10
AMM,589881,AMM,AMM,1505260800,2017-09-13
AMN,890663,AMN,AMN,1519430400,2018-02-24
AMO,889900,AMO,AMO,1524528000,2018-04-24
ANKR,929313,ANKR,ANKR,1550707200,2019-02-21
ANT,78152,ANT,ANT,1494806400,2017-05-15
AOA,918501,AOA,AOA,1526601600,2018-05-18
APIS,906171,APIS,APIS,1520121600,2018-03-04
APPC,346812,APPC,APPC,1509926400,2017-11-06
ARAW,925945,ARAW,ARAW,1529452800,2018-06-20
ARBT,924926,ARBT,ARB,1520467200,2018-03-08
ARCT,707530,ARCT,ARCT,1510099200,2017-11-08
ARN,335127,ARN,ARN,1509667200,2017-11-03
ART,311558,ART,ART,1504569600,2017-09-05
ARY,769416,ARY,ARY,1513987200,2017-12-23
AST,337162,AST,AST,1507593600,2017-10-10
ASTO,924963,ASTO,ATX,1519344000,2018-02-23
ATL,235213,ATL,ATL,1504137600,2017-08-31
ATM,368694,ATM,ATM,1505692800,2017-09-18
ATMI,920748,ATMI,ATMI,1527033600,2018-05-23
ATS,345017,ATS,ATS,1505347200,2017-09-14
AUC,792023,AUC,AUC,1522022400,2018-03-26
AVH,922140,AVH,AVH,1516406400,2018-01-20
AVT,138642,AVT,AVT,1504396800,2017-09-03
AWC,929381,AWC,AWC,1529280000,2018-06-18
AXPR,727769,AXPR,AXPR,1532217600,2018-07-22
B2B,517795,B2B,B2B,1505260800,2017-09-13
BAAS,925550,BAAS,BAAS,1528761600,2018-06-12
BANCA,757568,BANCA,BANCA,1517529600,2018-02-02
BAT,107672,BAT,BAT,1496016000,2017-05-29
BAX,784595,BAX,BAX,1517788800,2018-02-05
BBC,856119,BBC,BBC,1521504000,2018-03-20
BBO,921530,BBO,BBO,1522800000,2018-04-04
BCAP,72955,BCAP,BCAP,1540166400,2018-10-22
BCDN,732197,BCDN,BCDN,1478649600,2016-11-09
BCDT,926186,BCDT,BCDT,1513814400,2017-12-21
BCH,202330,BCH,BCH,1230940800,2009-01-03
BCPT,374281,BCPT,BCPT,1506643200,2017-09-29
BDG,423754,BDG,BDG,1511827200,2017-11-28
BEAT,926112,BEAT,BEAT,1521763200,2018-03-23
BEE,764334,BEE,BEE,1517270400,2018-01-30
BELA,21239,BELA,BELA,1522195200,2018-03-28
BERRY,784762,BERRY,BERRY,1521417600,2018-03-19
BETHER,926307,BETHER,BETHER,1529798400,2018-06-24
BETR,749857,BETR,BETR,1515024000,2018-01-04
BEZ,811575,BEZ,BEZ,1513209600,2017-12-14
BFT,710240,BFT,BFT,1517875200,2018-02-06
BGG,928742,BGG,BGG,1529884800,2018-06-25
BIO,484355,BIO,BIO,1537315200,2018-09-19
BITX,909956,BITX,BITX,1530489600,2018-07-02
BIX,757969,BIX,BIX,1506556800,2017-09-28
BKX,241757,BKX,BKX,1511827200,2017-11-28
BLNM,694303,BLNM,BLN,1497830400,2017-06-19
BLOC,930149,BLOC,BLOC,1554681600,2019-04-08
BLT,638634,BLT,BLT,1511913600,2017-11-29
BLZ,752710,BLZ,BLZ,1515974400,2018-01-15
BMC,304184,BMC,BMC,1505779200,2017-09-19
BMH,843515,BMH,BMH,1519344000,2018-02-23
BMX,901906,BMX,BMX,1514419200,2017-12-28
BNK,384605,BNK,BNK,1526515200,2018-05-17
BNN,847177,BNN,BBN,1516406400,2018-01-20
BNT,22327,BNT,BNT,1497052800,2017-06-10
BNTY,543363,BNTY,BNTY,1513296000,2017-12-15
BOB,7635,BOB,BOB,1522540800,2018-04-01
BOE,918968,BOE,BOE,1527465600,2018-05-28
BOLT,930147,BOLT,BOLT,1537142400,2018-09-17
BOLTT,929196,BOLTT,BOLTT,1531872000,2018-07-18
BON,346775,BON,BON,1512432000,2017-12-05
BOT,660947,BOT,BOT,1527465600,2018-05-28
BOUTS,925212,BOUTS,BOUTS,1520640000,2018-03-10
BOX,925271,BOX,BOX,1526428800,2018-05-16
BPT,715749,BPT,BPT,1514937600,2018-01-03
BPX,848148,BPX,XBP,1521590400,2018-03-21
BQ,340125,BQ,BQ,1493596800,2017-05-01
BQTX,927409,BQTX,BQTX,1533254400,2018-08-03
BRAT,357734,BRAT,BRAT,1500163200,2017-07-16
BRD,543502,BRD,BRD,1513382400,2017-12-16
BSTN,922258,BSTN,BSTN,1520726400,2018-03-11
BSV,926591,BSV,BSV,1230940800,2009-01-03
BTC,1182,BTC,BTC,1230940800,2009-01-03
BTCL,486837,BTCL,BTCL,1510876800,2017-11-17
BTCM,429400,BTCM,BTCM,1507248000,2017-10-06
BTCRED,371064,BTCRED,BTCRED,1508457600,2017-10-20
BTM,218008,BTM,BTM,1499904000,2017-07-13
BTMX,928919,BTMX,BTMX,1541808000,2018-11-10
BTO,707507,BTO,BTO,1514246400,2017-12-26
BTRN,921356,BTRN,BTRN,1522972800,2018-04-06
BTU,928781,BTU,BTU,1525910400,2018-05-10
BUBO,844325,BUBO,BUBO,1520899200,2018-03-13
BUD,924779,BUD,BUD,1532563200,2018-07-26
BWT,920817,BWT,BWT,1523318400,2018-04-10
BZ,925154,BZ,BZ,1529539200,2018-06-21
BZKY,926756,BZKY,BZKY,1536019200,2018-09-04
BZNT,901815,BZNT,BZNT,1525132800,2018-05-01
C20,339632,C20,C20,1515974400,2018-01-15
CAG,341422,CAG,CAG,1504915200,2017-09-09
CAN,327632,CAN,CAN,1506988800,2017-10-03
CANDY,909733,CANDY,CANDY,1516924800,2018-01-26
CAPP,306304,CAPP,CAPP,1512345600,2017-12-04
CAR,918989,CAR,CAR,1530144000,2018-06-28
CARAT,926758,CARAT,CARAT,1536192000,2018-09-06
CARD,922018,CARD,CARD,1529884800,2018-06-25
CBC,903690,CBC,CBC,1521590400,2018-03-21
CBT,709053,CBT,CBT,1513814400,2017-12-21
CCCX,924982,CCCX,CCCX,1524700800,2018-04-26
CCL,925566,CCL,CCL,1523232000,2018-04-09
CCO,920734,CCO,CCO,1511827200,2017-11-28
CCRB,35818,CCRB,CCRB,1471305600,2016-08-16
CCT,301191,CCT,CCT,1504396800,2017-09-03
CDT,177139,CDT,CDT,1500940800,2017-07-25
CDX,412267,CDX,CDX,1503705600,2017-08-26
CEDEX,797331,CEDEX,CEDEX,1525305600,2018-05-03
CEEK,853825,CEEK,CEEK,1527811200,2018-06-01
CEL,799472,CEL,CEL,1523404800,2018-04-11
CELR,929546,CELR,CELR,1552953600,2019-03-19
CEN,928394,CEN,CEN,1531353600,2018-07-12
CENNZ,922616,CENNZ,CENNZ,1515456000,2018-01-09
CET,916813,CET,CET,1521676800,2018-03-22
CHAT,52008,CHAT,CHAT,1512604800,2017-12-07
CHP,819737,CHP,CHP,1516233600,2018-01-18
CHSB,752993,CHSB,CHSB,1509494400,2017-11-01
CHT,860166,CHT,CHT,1522713600,2018-04-03
CHX,877236,CHX,CHX,1521936000,2018-03-25
CJT,382617,CJT,CJT,1518566400,2018-02-14
CL,659393,CL,CL,1508716800,2017-10-23
CLN,789504,CLN,CLN,1518307200,2018-02-11
CMCT,793021,CMCT,CMCT,1524700800,2018-04-26
CMS,374358,CMS,CMS,1512000000,2017-11-30
CMT,439963,CMT,CMT,1512432000,2017-12-05
CND,338070,CND,CND,1504915200,2017-09-09
CNN,890069,CNN,CNN,1519776000,2018-02-28
CNX,289715,CNX,CNX,1504569600,2017-09-05
COB,234811,COB,COB,1505088000,2017-09-11
COFI,436320,COFI,COFI,1516924800,2018-01-26
COIN,384859,COIN,COIN,1526342400,2018-05-15
CONI,920245,CONI,CONI,1527638400,2018-05-30
COSM,925380,COSM,COSM,1523145600,2018-04-08
COT,924916,COT,COT,1541030400,2018-11-01
COU,912904,COU,COU,1526428800,2018-05-16
COV,338426,COV,COV,1508025600,2017-10-15
COVA,930305,COVA,COVA,1544918400,2018-12-16
CPAY,345674,CPAY,CPAY,1511913600,2017-11-29
CPCH,730988,CPCH,CPC,1516147200,2018-01-17
CPT,918997,CPT,CPT,1516320000,2018-01-19
CPY,692869,CPY,CPY,1513641600,2017-12-19
CRB,17547,CRB,CRB,1489363200,2017-03-13
CRDS,392253,CRDS,CS,1518825600,2018-02-17
CRED,502301,CRED,LBA,1512432000,2017-12-05
CREDO,382450,CREDO,CREDO,1496361600,2017-06-02
CRO,929418,CRO,CRO,1542153600,2018-11-14
CRPT,710597,CRPT,CRPT,1510012800,2017-11-07
CRYC,737393,CRYC,CRC,1513209600,2017-12-14
CSEN,889350,CSEN,SEN,1522108800,2018-03-27
CSM,930028,CSM,CSM,1517616000,2018-02-03
CSNO,202714,CSNO,CSNO,1505865600,2017-09-20
CSP,925807,CSP,CSP,1537401600,2018-09-20
CTXC,856139,CTXC,CTXC,1520640000,2018-03-10
CUBE,20688,CUBE,AUTO,1519084800,2018-02-20
CV,713925,CV,CV,1513123200,2017-12-13
CVC,139467,CVC,CVC,1499817600,2017-07-12
CVT,879044,CVT,CVT,1520121600,2018-03-04
CXO,745054,CXO,CXO,1516233600,2018-01-18
DACC,925578,DACC,DACC,1527724800,2018-05-31
DADI,778953,DADI,DADI,1511136000,2017-11-20
DAG,925129,DAG,DAG,1527120000,2018-05-24
DAGT,929176,DAGT,DAGT,1523404800,2018-04-11
DAI,769546,DAI,DAI,1513555200,2017-12-18
DAN,889339,DAN,DAN,1512086400,2017-12-01
DAOC,177831,DAOC,BET,1500940800,2017-07-25
DAPS,925707,DAPS,DAPS,1530230400,2018-06-29
DASH,3807,DASH,DASH,1390089600,2014-01-19
DAT,335505,DAT,DAT,1512777600,2017-12-09
DATA,369151,DATA,DATA,1500854400,2017-07-24
DATX,814081,DATX,DATX,1517616000,2018-02-03
DAV,925662,DAV,DAV,1528502400,2018-06-09
DAX,925586,DAX,DAX,1518220800,2018-02-10
DAY,336705,DAY,DAY,1505692800,2017-09-18
DBET,380712,DBET,DBET,1508976000,2017-10-26
DCN,218906,DCN,DCN,1487030400,2017-02-14
DDD,729809,DDD,DDD,1516579200,2018-01-22
DEB,408765,DEB,DEB,1512604800,2017-12-07
DEC,417510,DEC,DEC,1527638400,2018-05-30
DENT,141331,DENT,DENT,1499817600,2017-07-12
DFXT,926176,DFXT,DFT,1521158400,2018-03-16
DGD,18907,DGD,DGD,1461888000,2016-04-29
DGTX,925440,DGTX,DGTX,1515974400,2018-01-15
DGX,917414,DGX,DGX,1521763200,2018-03-23
DICE,89572,DICE,DICE,1486944000,2017-02-13
DIG,800121,DIG,DIG,1519171200,2018-02-21
DIO,929433,DIO,DIO,1551830400,2019-03-06
DLT,220204,DLT,DLT,1504656000,2017-09-06
DML,869896,DML,DML,1524441600,2018-04-23
DMT,192400,DMT,DMT,1513209600,2017-12-14
DNA,180804,DNA,DNA,1510963200,2017-11-18
DNT,177175,DNT,DNT,1500249600,2017-07-17
DOCK,866363,DOCK,DOCK,1519171200,2018-02-21
DOGE,4432,DOGE,DOGE,1386288000,2013-12-06
DOOH,927402,DOOH,DOOH,1534204800,2018-08-14
DOV,360827,DOV,DOV,1506988800,2017-10-03
DOW,913722,DOW,DOW,1519776000,2018-02-28
DPY,925525,DPY,DPY,1504051200,2017-08-30
DRG,683927,DRG,DRG,1512691200,2017-12-08
DRGN,355702,DRGN,DRGN,1512086400,2017-12-01
DROP,820902,DROP,DROP,1516320000,2018-01-19
DRPU,763535,DRPU,DRPU,1511827200,2017-11-28
DRT,311829,DRT,DRT,1508284800,2017-10-18
DTH,788387,DTH,DTH,1517875200,2018-02-06
DTR,360063,DTR,DTR,1512000000,2017-11-30
DTRC,764096,DTRC,DTRC,1517529600,2018-02-02
DTX,713947,DTX,DTX,1521331200,2018-03-18
DXT,765943,DXT,DXT,1517788800,2018-02-05
EARTH,324012,EARTH,EARTH,1521158400,2018-03-16
EBC,692707,EBC,EBC,1528070400,2018-06-04
EBTC,321189,EBTC,EBTC,1509235200,2017-10-29
ECASH,355117,ECASH,ECASH,1507593600,2017-10-10
ECHT,344337,ECHT,ECHT,1521590400,2018-03-21
ECOM,925260,ECOM,ECOM,1519344000,2018-02-23
ECTE,929289,ECTE,ECTE,1546905600,2019-01-08
EDG,55676,EDG,EDG,1488240000,2017-02-28
EDN,927930,EDN,EDN,1537056000,2018-09-16
EDO,310297,EDO,EDO,1506902400,2017-10-02
EDU,878068,EDU,EDU,1527206400,2018-05-25
EGCC,918374,EGCC,EGCC,1517443200,2018-02-01
EGT,916728,EGT,EGT,1527292800,2018-05-26
EKO,704135,EKO,EKO,1511222400,2017-11-21
EKT,930837,EKT,EKT,1513987200,2017-12-23
ELEC,836445,ELEC,ELEC,1519084800,2018-02-20
ELF,571314,ELF,ELF,1513555200,2017-12-18
ELI,801531,ELI,ELI,1523836800,2018-04-16
ELITE,360657,ELITE,ELITE,1507248000,2017-10-06
ELIX,321177,ELIX,ELIX,1504310400,2017-09-02
ELTCOIN,438867,ELTCOIN,ELTCOIN,1507507200,2017-10-09
ELY,897502,ELY,ELY,1524528000,2018-04-24
EMPH,388076,EMPH,EPY,1509321600,2017-10-30
ENGT,927975,ENGT,ENGT,1524096000,2018-04-19
ENJ,283116,ENJ,ENJ,1506902400,2017-10-02
ENTER,24307,ENTER,ENTRC,1535846400,2018-09-02
EOSDAC,855289,EOSDAC,EOSDAC,1520035200,2018-03-03
EQUAL,30883,EQUAL,EQL,1513641600,2017-12-19
ERC20,597540,ERC20,ERC20,1521676800,2018-03-22
ERIS,771092,ERIS,ERT,1512604800,2017-12-07
ERO,439579,ERO,ERO,1507507200,2017-10-09
ESS,842171,ESS,ESS,1529798400,2018-06-24
EST,925216,EST,EST,1516924800,2018-01-26
ESZ,920927,ESZ,ESZ,1516060800,2018-01-16
ETBS,188394,ETBS,ETBS,1503360000,2017-08-22
ETC,5324,ETC,ETC,1438905600,2015-08-07
ETG,347450,ETG,ETG,1507680000,2017-10-11
ETGP,929734,ETGP,ETGP,1541376000,2018-11-05
ETH,7605,ETH,ETH,1438905600,2015-08-07
ETHM,860990,ETHM,ETHM,1514332800,2017-12-27
ETHOS,141464,ETHOS,ETHOS,1498521600,2017-06-27
ETK,385960,ETK,ETK,1511481600,2017-11-24
ETN,361881,ETN,ETN,1510444800,2017-11-12
EURS,925249,EURS,EURS,1529625600,2018-06-22
EVC,308072,EVC,EVC,1504051200,2017-08-30
EVE,719223,EVE,EVE,1516233600,2018-01-18
EVED,929820,EVED,EVED,1535414400,2018-08-28
EVR,340966,EVR,EVR,1503964800,2017-08-29
EVX,194883,EVX,EVX,1506643200,2017-09-29
EXC,899574,EXC,EXC,1524355200,2018-04-22
EXMR,767755,EXMR,EXMR,1507852800,2017-10-13
EXRN,710098,EXRN,EXRN,1507507200,2017-10-09
EXY,388493,EXY,EXY,1519430400,2018-02-24
FACE,892684,FACE,FACE,1522972800,2018-04-06
FAIRG,732098,FAIRG,FAIR,1514419200,2017-12-28
FAT,929891,FAT,FAT,1522627200,2018-04-02
FDX,777557,FDX,FDX,1509321600,2017-10-30
FDZ,848819,FDZ,FDZ,1518566400,2018-02-14
FET,929174,FET,FET,1538956800,2018-10-08
FLIK,329562,FLIK,FLIK,1502928000,2017-08-17
FLIXX,408849,FLIXX,FLIXX,1508803200,2017-10-24
FLOT,654118,FLOT,FLOT,1512950400,2017-12-11
FLUZ,844476,FLUZ,FLUZ,1517443200,2018-02-01
FND,180840,FND,FND,1518048000,2018-02-08
FNTB,453943,FNTB,FNTB,1517788800,2018-02-05
FOAM,927955,FOAM,FOAM,1532736000,2018-07-28
FOTA,729627,FOTA,FOTA,1516492800,2018-01-21
FOXT,832078,FOXT,FOXT,1520812800,2018-03-12
FREC,918380,FREC,FREC,1519603200,2018-02-26
FREE,922632,FREE,FREE,1522886400,2018-04-05
FSN,768219,FSN,FSN,1517356800,2018-01-31
FT,901870,FT,FT,1518652800,2018-02-15
FTM,928158,FTM,FTM,1529020800,2018-06-15
FTT,927948,FTT,FTT,1533859200,2018-08-10
FTX,856962,FTX,FTX,1521072000,2018-03-15
FUEL,292748,FUEL,FUEL,1506038400,2017-09-22
FUN,178978,FUN,FUN,1499385600,2017-07-07
FUNDZ,925527,FUNDZ,FUNDZ,1519430400,2018-02-24
FXT,888262,FXT,FXT,1515801600,2018-01-13
FYP,464920,FYP,FYP,1506556800,2017-09-28
GAMB,924800,GAMB,GMB,1542585600,2018-11-19
GARD,928399,GARD,GARD,1525392000,2018-05-04
GEM,870119,GEM,GEM,1518739200,2018-02-16
GENE,600395,GENE,GENE,1516060800,2018-01-16
GENS,843576,GENS,GEN,1525219200,2018-05-02
GETX,920794,GETX,GETX,1507852800,2017-10-13
GNO,66193,GNO,GNO,1492473600,2017-04-18
GNT,33022,GNT,GNT,1478822400,2016-11-11
GNX,619375,GNX,GNX,1506470400,2017-09-27
GOOD,787620,GOOD,GOOD,1498003200,2017-06-21
GRID,385907,GRID,GRID,1508630400,2017-10-22
GRMD,902463,GRMD,GRMD,1508889600,2017-10-25
GRX,439136,GRX,GRX,1507852800,2017-10-13
GSC,884902,GSC,GSC,1519776000,2018-02-28
GST,929241,GST,GST,1525305600,2018-05-03
GTC,667239,GTC,GTC,1508976000,2017-10-26
GTO,517477,GTO,GTO,1513123200,2017-12-13
GUESS,327608,GUESS,GUESS,1512864000,2017-12-10
GUP,67096,GUP,GUP,1493510400,2017-04-30
GUSD,925563,GUSD,GUSD,1536451200,2018-09-09
GVE,929178,GVE,GVE,1514246400,2017-12-26
GVT,385952,GVT,GVT,1508025600,2017-10-15
HAND,925834,HAND,HAND,1516406400,2018-01-20
HB,911095,HB,HB,1521763200,2018-03-23
HBT,247391,HBT,HBT,1504915200,2017-09-09
HBZ,758066,HBZ,HBZ,1516924800,2018-01-26
HEDG,928755,HEDG,HEDG,1544140800,2018-12-07
HER,897513,HER,HER,1523923200,2018-04-17
HERO,905744,HERO,HERO,1520467200,2018-03-08
HGT,234508,HGT,HGT,1503619200,2017-08-25
HIT,925358,HIT,HIT,1531872000,2018-07-18
HKN,517775,HKN,HKN,1505433600,2017-09-15
HMC,836331,HMC,HMC,1504051200,2017-08-30
HMQ,72438,HMQ,HMQ,1494201600,2017-05-08
HORSE,716736,HORSE,HORSE,1515456000,2018-01-09
HPB,675053,HPB,HPB,1503532800,2017-08-24
HPT,930104,HPT,HPT,1534896000,2018-08-22
HQT,926034,HQT,HQT,1531785600,2018-07-17
HQX,535054,HQX,HQX,1505347200,2017-09-14
HSC,919094,HSC,HSC,1522713600,2018-04-03
HST,374246,HST,HST,1507161600,2017-10-05
HT,771595,HT,HT,1517356800,2018-01-31
HUR,849743,HUR,HUR,1513123200,2017-12-13
HVN,179329,HVN,HVN,1504137600,2017-08-31
HYDRO,930816,HYDRO,HYDRO,1521072000,2018-03-15
HYT,901980,HYT,HYT,1535587200,2018-08-30
ICHX,928902,ICHX,ICHX,1542240000,2018-11-15
ICN,25921,ICN,ICN,1477267200,2016-10-24
ICON,35825,ICON,ICX,1505779200,2017-09-19
IDEX,708404,IDEX,IDEX,1516233600,2018-01-18
IDH,708873,IDH,IDH,1510099200,2017-11-08
IDT,929180,IDT,IDT,1515801600,2018-01-13
IDXM,920342,IDXM,IDXM,1516233600,2018-01-18
IETH,667344,IETH,IETH,1507852800,2017-10-13
IFT,185669,IFT,IFT,1499990400,2017-07-14
IG,925318,IG,IG,1532131200,2018-07-21
IHF,925618,IHF,IHF,1526342400,2018-05-15
IHT,831814,IHT,IHT,1517356800,2018-01-31
IMT,925671,IMT,IMT,1529712000,2018-06-23
IND,185953,IND,IND,1502150400,2017-08-08
ING,750134,ING,ING,1517443200,2018-02-01
INS,370973,INS,INS,1514246400,2017-12-26
INSTAR,819702,INSTAR,INSTAR,1519776000,2018-02-28
INT,692839,INT,INT,1503792000,2017-08-27
INVC,819601,INVC,INV,1525737600,2018-05-08
INX,929389,INX,INX,1539388800,2018-10-13
INXT,344988,INXT,INXT,1504742400,2017-09-07
IOST,716522,IOST,IOST,1515628800,2018-01-11
IOTX,893122,IOTX,IOTX,1526860800,2018-05-21
IPC,776863,IPC,IPC,1502582400,2017-08-13
IPSX,844540,IPSX,IPSX,1519776000,2018-02-28
IQN,911125,IQN,IQN,1513382400,2017-12-16
ISR,925093,ISR,ISR,1529884800,2018-06-25
ITC,597629,ITC,ITC,1511481600,2017-11-24
ITL,893326,ITL,ITL,1509235200,2017-10-29
ITT,232678,ITT,ITT,1506038400,2017-09-22
IVY,890611,IVY,IVY,1523750400,2018-04-15
IXT,141171,IXT,IXT,1499731200,2017-07-11
J8T,819799,J8T,J8T,1519603200,2018-02-26
JC,770043,JC,JC,1513814400,2017-12-21
JET,666891,JET,JET,1505174400,2017-09-12
JNT,400702,JNT,JNT,1517443200,2018-02-01
JOINT,920327,JOINT,JOINT,1522972800,2018-04-06
JSE,924231,JSE,JSE,1531180800,2018-07-10
KAN,925339,KAN,KAN,1519862400,2018-03-01
KBC,916868,KBC,KBC,1518480000,2018-02-13
KCASH,925195,KCASH,KCASH,1530403200,2018-07-01
KCS,348628,KCS,KCS,1503360000,2017-08-22
KEY,360299,KEY,KEY,1515628800,2018-01-11
KICK,202849,KICK,KICK,1506297600,2017-09-25
KIN,177918,KIN,KIN,1505174400,2017-09-12
KIND,810794,KIND,KIND,1529107200,2018-06-16
KNC,310497,KNC,KNC,1505174400,2017-09-12
KRL,877048,KRL,KRL,1525046400,2018-04-30
KUE,926296,KUE,KUE,1533772800,2018-08-09
KWH,856128,KWH,KWH,1513814400,2017-12-21
LA,184163,LA,LA,1508284800,2017-10-18
LALA,831848,LALA,LALA,1515715200,2018-01-12
LAMB,930306,LAMB,LAMB,1537228800,2018-09-18
LATX,849939,LATX,LATX,1506988800,2017-10-03
LCS,831841,LCS,LCS,1520985600,2018-03-14
LDC,732021,LDC,LDC,1519862400,2018-03-01
LEDU,831932,LEDU,LEDU,1518048000,2018-02-08
LEND,418778,LEND,LEND,1512000000,2017-11-30
LEV,332804,LEV,LEV,1509840000,2017-11-05
LGO,710370,LGO,LGO,1520035200,2018-03-03
LIF,866491,LIF,LIF,1517270400,2018-01-30
LIFE,381189,LIFE,LIFE,1499558400,2017-07-09
LIKE,922038,LIKE,LIKE,1518048000,2018-02-08
LINA,930883,LINA,LINA,1522627200,2018-04-02
LINK,309621,LINK,LINK,1505520000,2017-09-16
LION,848906,LION,LION,1511827200,2017-11-28
LNC,676288,LNC,LNC,1504656000,2017-09-06
LND,866546,LND,LND,1520208000,2018-03-05
LOCI,404890,LOCI,LOCI,1512345600,2017-12-04
LOCK,517896,LOCK,LOC,1506384000,2017-09-26
LOOM,836492,LOOM,LOOM,1520035200,2018-03-03
LPT,926589,LPT,LPT,1525046400,2018-04-30
LQDN,926393,LQDN,LQD,1539820800,2018-10-18
LRC,318169,LRC,LRC,1501545600,2017-08-01
LST,920896,LST,LST,1520553600,2018-03-09
LTC,3808,LTC,LTC,1317945600,2011-10-07
LTO,928921,LTO,LTO,1547337600,2019-01-13
LUC,694313,LUC,LUC,1520899200,2018-03-13
LUN,67447,LUN,LUN,1490745600,2017-03-29
LYM,767260,LYM,LYM,1551052800,2019-02-25
M2O,926091,M2O,M2O,1536019200,2018-09-04
MANA,199148,MANA,MANA,1504656000,2017-09-06
MATIC,930246,MATIC,MATIC,1555718400,2019-04-20
MBTX,929583,MBTX,MBTX,1549929600,2019-02-12
MCO,166548,MCO,MCO,1498435200,2017-06-26
MDA,341279,MDA,MDA,1503792000,2017-08-27
MDCL,755707,MDCL,MTN,1517356800,2018-01-31
MDS,667050,MDS,MDS,1511568000,2017-11-25
MEDX,916795,MEDX,MEDX,1527465600,2018-05-28
MEE,836124,MEE,MEET,1522627200,2018-04-02
MENLO,925909,MENLO,ONE,1537056000,2018-09-16
META,927515,META,META,1534896000,2018-08-22
METAL,5373,METAL,MTL,1498694400,2017-06-29
METM,925936,METM,METM,1523750400,2018-04-15
MFG,683500,MFG,MFG,1519084800,2018-02-20
MFT,917211,MFT,MFT,1530662400,2018-07-04
MGO,531426,MGO,MGO,1496620800,2017-06-05
MIC,915386,MIC,MIC,1516233600,2018-01-18
MITH,847172,MITH,MITH,1518048000,2018-02-08
MITX,879004,MITX,MITX,1518652800,2018-02-15
MIXI,918566,MIXI,XIN,1511481600,2017-11-24
MKR,41192,MKR,MKR,1511568000,2017-11-25
MLN,45253,MLN,MLN,1548460800,2019-01-26
MNC,929223,MNC,MNC,1536364800,2018-09-08
MNE,84831,MNE,MNE,1492819200,2017-04-22
MNTP,240322,MNTP,MNTP,1505779200,2017-09-19
MOAC,925799,MOAC,MOAC,1529193600,2018-06-17
MOF,925268,MOF,MOF,1513728000,2017-12-20
MOLK,926114,MOLK,MOLK,1526256000,2018-05-14
MOT,716659,MOT,MOT,1513555200,2017-12-18
MRK,887531,MRK,MRK,1508457600,2017-10-20
MRPH,892731,MRPH,MRPH,1529712000,2018-06-23
MTC,885599,MTC,MTC,1517702400,2018-02-04
MTH,208914,MTH,MTH,1504137600,2017-08-31
MTKN,885623,MTKN,MT,1520726400,2018-03-11
MTRC,484742,MTRC,MTRC,1512950400,2017-12-11
MTX,257110,MTX,MTX,1504656000,2017-09-06
MVL,928103,MVL,MVL,1527724800,2018-05-31
MWAT,770254,MWAT,MWAT,1515974400,2018-01-15
MXAI,732161,MXAI,MAN,1516147200,2018-01-17
MXM,929811,MXM,MXM,1553644800,2019-03-27
MYB,179345,MYB,MYB,1525651200,2018-05-07
MYST,136190,MYST,MYST,1497312000,2017-06-13
NANJ,922271,NANJ,NANJ,1517875200,2018-02-06
NAS,619555,NAS,NAS,1500854400,2017-07-24
NAVI,780767,NAVI,NAVI,1522713600,2018-04-03
NBAI,879035,NBAI,NBAI,1522281600,2018-03-29
NBC,903748,NBC,NBC,1512086400,2017-12-01
NCASH,792548,NCASH,NCASH,1519516800,2018-02-25
NCC,929933,NCC,NCC,1521158400,2018-03-16
NCT,864038,NCT,NCT,1518739200,2018-02-16
NEC,777007,NEC,NEC,1518307200,2018-02-11
NEU,372377,NEU,NEU,1510444800,2017-11-12
NEXO,877073,NEXO,NEXO,1524960000,2018-04-29
NEXT,848051,NEXT,NEXT,1509840000,2017-11-05
NGC,466339,NGC,NGC,1513641600,2017-12-19
NIO,412112,NIO,NIO,1509494400,2017-11-01
NMR,166594,NMR,NMR,1497916800,2017-06-20
NOAH,882302,NOAH,NOAH,1508457600,2017-10-20
NOBS,922838,NOBS,NOBS,1525392000,2018-05-04
NOKU,861276,NOKU,NOKU,1513728000,2017-12-20
NOX,779335,NOX,NOX,1510963200,2017-11-18
NPER,925242,NPER,NPER,1518480000,2018-02-13
NPX,187015,NPX,NPX,1520380800,2018-03-07
NPXS,731516,NPXS,NPXS,1520467200,2018-03-08
NRG,927360,NRG,NRG,1524614400,2018-04-25
NRP,928390,NRP,NRP,1534809600,2018-08-21
NTK,439180,NTK,NTK,1514937600,2018-01-03
NULS,377792,NULS,NULS,1506643200,2017-09-29
NXC,35678,NXC,NXC,1463529600,2016-05-18
OAX,180013,OAX,OAX,1498089600,2017-06-22
OCN,714255,OCN,OCN,1515974400,2018-01-15
ODE,890624,ODE,ODE,1517616000,2018-02-03
OIO,898898,OIO,OIO,1534377600,2018-08-16
OKB,925144,OKB,OKB,1556236800,2019-04-26
OLE,925133,OLE,OLE,1521244800,2018-03-17
OLT,920779,OLT,OLT,1528848000,2018-06-13
OMG,187440,OMG,OMG,1499299200,2017-07-06
OMX,815543,OMX,OMX,1525996800,2018-05-11
ONG,428300,ONG,ONG,1510704000,2017-11-15
ONL,684364,ONL,ONL,1516579200,2018-01-22
OPEN,892524,OPEN,OPEN,1550966400,2019-02-24
OPT,197054,OPT,OPT,1500076800,2017-07-15
ORBS,929872,ORBS,ORBS,1527724800,2018-05-31
ORI,766681,ORI,ORI,1518134400,2018-02-09
ORME,301112,ORME,ORME,1503446400,2017-08-23
ORS,863174,ORS,ORS,1526169600,2018-05-13
OSA,899568,OSA,OSA,1539216000,2018-10-11
OST,369132,OST,OST,1510272000,2017-11-10
PAL,883061,PAL,PAL,1519862400,2018-03-01
PARETO,763768,PARETO,PARETO,1516579200,2018-01-22
PASS,925433,PASS,PASS,1526428800,2018-05-16
PAT,862146,PAT,PAT,1526515200,2018-05-17
PAX,925939,PAX,PAX,1536537600,2018-09-10
PAY,45260,PAY,PAY,1499385600,2017-07-07
PCH,925256,PCH,PCH,1525132800,2018-05-01
PCL,878206,PCL,PCL,1518566400,2018-02-14
PCO,919014,PCO,PCO,1525046400,2018-04-30
PFR,409155,PFR,PFR,1507680000,2017-10-11
PHI,901929,PHI,PHI,1519776000,2018-02-28
PIX,223283,PIX,PIX,1505779200,2017-09-19
PKT,344086,PKT,PKT,1509408000,2017-10-31
PLA,925240,PLA,PLA,1544486400,2018-12-11
PLAY,369251,PLAY,PLAY,1508112000,2017-10-16
PLBT,171884,PLBT,PLBT,1495497600,2017-05-23
PLR,184298,PLR,PLR,1499990400,2017-07-14
PLU,42837,PLU,PLU,1472947200,2016-09-04
PMA,661398,PMA,PMA,1525737600,2018-05-08
PMNT,901954,PMNT,PMNT,1517529600,2018-02-02
PNT,876093,PNT,PNT,1519516800,2018-02-25
POE,188811,POE,POE,1503360000,2017-08-22
POLL,319130,POLL,POLL,1508457600,2017-10-20
POLY,744820,POLY,POLY,1517184000,2018-01-29
POWR,339617,POWR,POWR,1496448000,2017-06-03
PPP,327500,PPP,PPP,1507593600,2017-10-10
PPT,179896,PPT,PPT,1499558400,2017-07-09
PRA,925159,PRA,PRA,1511913600,2017-11-29
PRG,225764,PRG,PRG,1508716800,2017-10-23
PRIX,257772,PRIX,PRIX,1508198400,2017-10-17
PRO,185695,PRO,PRO,1500249600,2017-07-17
PSM,925326,PSM,PSM,1528156800,2018-06-05
PST,255777,PST,PST,1528243200,2018-06-06
PTOY,129035,PTOY,PTOY,1496102400,2017-05-30
PXG,928354,PXG,PXG,1530748800,2018-07-05
PYLNT,718673,PYLNT,PYLNT,1506384000,2017-09-26
PYN,304833,PYN,PYN,1509840000,2017-11-05
QASH,402714,QASH,QASH,1507593600,2017-10-10
QBIT,930549,QBIT,QBIT,1543881600,2018-12-04
QCX,925042,QCX,QCX,1548115200,2019-01-22
QKC,899553,QKC,QKC,1527897600,2018-06-02
QNTU,925316,QNTU,QNTU,1522886400,2018-04-05
QSP,397757,QSP,QSP,1510876800,2017-11-17
QUANT,925881,QUANT,QNT,1529884800,2018-06-25
QUN,716767,QUN,QUN,1515110400,2018-01-05
QUSD,928960,QUSD,QUSD,1547683200,2019-01-17
R,345420,R,R,1504569600,2017-09-05
RCN,307219,RCN,RCN,1508803200,2017-10-24
RCT,749006,RCT,RCT,1514937600,2018-01-03
RDC,922623,RDC,RDC,1522713600,2018-04-03
RDD,4592,RDD,RDD,1551571200,2019-03-03
REAL,198490,REAL,REAL,1504137600,2017-08-31
REBL,370889,REBL,REBL,1509753600,2017-11-04
REF,731629,REF,REF,1506643200,2017-09-29
REM,625010,REM,REM,1512086400,2017-12-01
REP,17778,REP,REP,1531094400,2018-07-09
REQ,335059,REQ,REQ,1507334400,2017-10-07
REX,310589,REX,REX,1503878400,2017-08-28
RFR,795662,RFR,RFR,1506384000,2017-09-26
RHOC,434666,RHOC,RHOC,1489968000,2017-03-20
RIYA,238571,RIYA,RIYA,1497830400,2017-06-19
RLC,61877,RLC,RLC,1492473600,2017-04-18
RLX,441616,RLX,RLX,1501200000,2017-07-28
RMESH,925830,RMESH,RMESH,1527638400,2018-05-30
RNT,921526,RNT,RNT,1511827200,2017-11-28
RNTB,848115,RNTB,RNTB,1515801600,2018-01-13
ROBET,925693,ROBET,ROBET,1534464000,2018-08-17
ROCK,384950,ROCK,ROCK,1521590400,2018-03-21
ROX,832783,ROX,ROX,1525046400,2018-04-30
RRC,925305,RRC,RRC,1526947200,2018-05-22
RTE,918974,RTE,RTE,1523232000,2018-04-09
RUFF,744910,RUFF,RUFF,1515628800,2018-01-11
RVT,176280,RVT,RVT,1502236800,2017-08-09
SAL,921680,SAL,SAL,1515369600,2018-01-08
SALT,314580,SALT,SALT,1501545600,2017-08-01
SAN,177863,SAN,SAN,1499817600,2017-07-12
SCC,922214,SCC,SCC,1520899200,2018-03-13
SCL,255254,SCL,SCL,1501200000,2017-07-28
SCRL,920190,SCRL,SCRL,1523923200,2018-04-17
SEAL,926128,SEAL,SEAL,1523750400,2018-04-15
SEELE,905749,SEELE,SEELE,1526774400,2018-05-20
SENC,861348,SENC,SENC,1520208000,2018-03-05
SENT,718363,SENT,SENT,1514937600,2018-01-03
SETH,419209,SETH,SETH,1511481600,2017-11-24
SGN,715817,SGN,SGN,1520812800,2018-03-12
SGR,661777,SGR,SGR,1510617600,2017-11-14
SHE,925643,SHE,SHE,1515542400,2018-01-10
SHIP,830983,SHIP,SHIP,1519862400,2018-03-01
SHOW,776896,SHOW,SHOW,1515369600,2018-01-08
SHP,364472,SHP,SHP,1509926400,2017-11-06
SHPING,782954,SHPING,SHPING,1516406400,2018-01-20
SKIN,198369,SKIN,SKIN,1498003200,2017-06-21
SKM,890130,SKM,SKM,1523059200,2018-04-07
SKRB,910472,SKRB,SKB,1516233600,2018-01-18
SLT,924971,SLT,SLT,1531440000,2018-07-13
SMT,524113,SMT,SMT,1512777600,2017-12-09
SNC,179926,SNC,SNC,1498608000,2017-06-28
SNGLS,24926,SNGLS,SNGLS,1475366400,2016-10-02
SNIP,921575,SNIP,SNIP,1506643200,2017-09-29
SNM,136244,SNM,SNM,1497484800,2017-06-15
SNOV,311853,SNOV,SNOV,1505433600,2017-09-15
SNPC,927421,SNPC,SNPC,1541030400,2018-11-01
SNS,28027,SNS,SENSE,1513728000,2017-12-20
SNT,137013,SNT,SNT,1497830400,2017-06-19
SNTR,895370,SNTR,SNTR,1510185600,2017-11-09
SNTVT,928392,SNTVT,SNTVT,1531526400,2018-07-14
SNX,816635,SNX,SNX,1528675200,2018-06-11
SOAR,388145,SOAR,SOAR,1504310400,2017-09-02
SOC,788409,SOC,SOC,1516233600,2018-01-18
SOLVE,930126,SOLVE,SOLVE,1528934400,2018-06-14
SOMA,348278,SOMA,SCT,1506297600,2017-09-25
SPANK,411496,SPANK,SPANK,1511136000,2017-11-20
SPF,639943,SPF,SPF,1511136000,2017-11-20
SPHTX,379248,SPHTX,SPHTX,1513641600,2017-12-19
SPT,930153,SPT,SPT,1543017600,2018-11-24
SPX,683963,SPX,SPX,1518048000,2018-02-08
SRCH,186331,SRCH,PRE,1508803200,2017-10-24
SRCOIN,925404,SRCOIN,SRCOIN,1514246400,2017-12-26
SRN,380641,SRN,SRN,1513036800,2017-12-12
SS,877303,SS,SS,1520985600,2018-03-14
STAC,396716,STAC,STAC,1515110400,2018-01-05
STACS,927950,STACS,STACS,1542758400,2018-11-21
STAR,179947,STAR,STAR,1493596800,2017-05-01
STASH,928108,STASH,STASH,1547856000,2019-01-19
STC,776935,STC,STC,1515456000,2018-01-09
STK,734584,STK,STK,1517270400,2018-01-30
STORJ,187347,STORJ,STORJ,1497830400,2017-06-19
STORM,186875,STORM,STORM,1509926400,2017-11-06
STQ,777187,STQ,STQ,1506988800,2017-10-03
STU,184237,STU,STU,1505174400,2017-09-12
STX,204716,STX,STX,1501545600,2017-08-01
SUB,221463,SUB,SUB,1545004800,2018-12-17
SUR,177462,SUR,SUR,1502582400,2017-08-13
SUSD,928087,SUSD,SUSD,1528675200,2018-06-11
SVD,791282,SVD,SVD,1517184000,2018-01-29
SWARM,5342,SWARM,SWM,1508371200,2017-10-19
SWC,863074,SWC,SWC,1531008000,2018-07-08
SWFTC,718353,SWFTC,SWFTC,1501891200,2017-08-05
SWT,50741,SWT,SWT,1485216000,2017-01-24
SXDT,731917,SXDT,SXDT,1512950400,2017-12-11
SXUT,731943,SXUT,SXUT,1512950400,2017-12-11
TAAS,66270,TAAS,TAAS,1490140800,2017-03-22
TBX,876072,TBX,TBX,1512259200,2017-12-03
TCH,925903,TCH,TCH,1523318400,2018-04-10
TCT,716574,TCT,TCT,1514160000,2017-12-25
TDP,913585,TDP,TDP,1536019200,2018-09-04
TDS,640916,TDS,TDS,1514073600,2017-12-24
TEL,683827,TEL,TEL,1512950400,2017-12-11
TEN,780891,TEN,TEN,1516406400,2018-01-20
TFD,784553,TFD,TFD,1519257600,2018-02-22
TFL,150545,TFL,TFL,1498608000,2017-06-28
TFUEL,929751,TFUEL,TFUEL,1513209600,2017-12-14
TGAME,916828,TGAME,TGAME,1525996800,2018-05-11
TGT,472769,TGT,TGT,1499904000,2017-07-13
THETA,714811,THETA,THETA,1513209600,2017-12-14
THR,930244,THR,THR,1517270400,2018-01-30
THRT,922054,THRT,THRT,1523491200,2018-04-12
TIE,205991,TIE,TIE,1505779200,2017-09-19
TIG,765383,TIG,TIG,1512691200,2017-12-08
TIOX,372812,TIOX,TIOX,1540339200,2018-10-24
TIX,175671,TIX,TIX,1499558400,2017-07-09
TKN,71077,TKN,TKN,1494028800,2017-05-06
TMT,877052,TMT,TMT,1527984000,2018-06-03
TMTG,925371,TMTG,TMTG,1532217600,2018-07-22
TNB,517483,TNB,TNB,1508630400,2017-10-22
TNT,186309,TNT,TNT,1503619200,2017-08-25
TOMO,816702,TOMO,TOMO,1519776000,2018-02-28
TOPC,925484,TOPC,TOPC,1514419200,2017-12-28
TRAC,716641,TRAC,TRAC,1516752000,2018-01-24
TRAK,920939,TRAK,TRAK,1513296000,2017-12-15
TRCT,371004,TRCT,TRCT,1505174400,2017-09-12
TRDT,769862,TRDT,TRDT,1511395200,2017-11-23
TRIO,925516,TRIO,TRIO,1518480000,2018-02-13
TRST,37040,TRST,TRST,1492473600,2017-04-18
TRUE,887527,TRUE,TRUE,1515024000,2018-01-04
TSL,659973,TSL,TSL,1501545600,2017-08-01
TTC,929813,TTC,TTC,1529884800,2018-06-25
TTV,925078,TTV,TTV,1526515200,2018-05-17
TUSD,844139,TUSD,TUSD,1546560000,2019-01-04
UBC,861115,UBC,UBC,1520899200,2018-03-13
UBEX,890593,UBEX,UBEX,1526774400,2018-05-20
UBT,889870,UBT,UBT,1515628800,2018-01-11
UCT,894138,UCT,UCT,1517270400,2018-01-30
UDOO,929888,UDOO,UDOO,1532649600,2018-07-27
UFR,404806,UFR,UFR,1506988800,2017-10-03
UGAS,929793,UGAS,UGAS,1534896000,2018-08-22
UGC,369179,UGC,UGC,1514332800,2017-12-27
UKG,371005,UKG,UKG,1509753600,2017-11-04
UP,347247,UP,UP,1511222400,2017-11-21
UPP,906271,UPP,UPP,1526947200,2018-05-22
UQC,418694,UQC,UQC,1506988800,2017-10-03
USDC,925809,USDC,USDC,1536537600,2018-09-10
USDS,929229,USDS,USDS,1534291200,2018-08-15
USDT,171986,USDT,USDT,1511827200,2017-11-28
USE,928014,USE,USE,1535500800,2018-08-29
UTK,236358,UTK,UTK,1514246400,2017-12-26
UTNP,466492,UTNP,UTNP,1516579200,2018-01-22
UTT,587261,UTT,UTT,1511222400,2017-11-21
UUU,866334,UUU,UUU,1518048000,2018-02-08
VEE,306482,VEE,VEE,1511395200,2017-11-23
VERI,136211,VERI,VERI,1493078400,2017-04-25
VEST,925893,VEST,VEST,1531094400,2018-07-09
VET,236131,VET,VET,1502755200,2017-08-15
VIBE,336538,VIBE,VIB,1500422400,2017-07-19
VIDT,914830,VIDT,VIDT,1534550400,2018-08-18
VIN,782929,VIN,VIN,1511395200,2017-11-23
VIT,842430,VIT,VIT,1518998400,2018-02-19
VITE,921524,VITE,VITE,1524614400,2018-04-25
VIU,393656,VIU,VIU,1535068800,2018-08-24
VME,921401,VME,VME,1515542400,2018-01-10
VNX,926362,VNX,VNX,1539820800,2018-10-18
VOISE,188352,VOISE,VOISE,1505433600,2017-09-15
VRA,886955,VRA,VRA,1526601600,2018-05-18
VRS,33399,VRS,VRS,1523318400,2018-04-10
VSL,32880,VSL,VSL,1481673600,2016-12-14
VZT,350476,VZT,VZT,1515628800,2018-01-11
WAB,915420,WAB,WAB,1529193600,2018-06-17
WABI,340940,WABI,WABI,1512777600,2017-12-09
WAN,240142,WAN,WAN,1507248000,2017-10-06
WAND,320621,WAND,WAND,1509062400,2017-10-27
WAX,338541,WAX,WAX,1513641600,2017-12-19
WBTC,928761,WBTC,WBTC,1543276800,2018-11-27
WCOIN,876102,WCOIN,WIN,1517875200,2018-02-06
WEB,320596,WEB,WEB,1521158400,2018-03-16
WELL,653806,WELL,WELL,1529712000,2018-06-23
WETH,928486,WETH,WETH,1513555200,2017-12-18
WHEN,924369,WHEN,WHEN,1521331200,2018-03-18
WINGS,25946,WINGS,WINGS,1493078400,2017-04-25
WISH,411620,WISH,WISH,1508457600,2017-10-20
WIZ,310052,WIZ,WIZ,1519776000,2018-02-28
WPP,924955,WPP,WPP,1531267200,2018-07-11
WPR,355242,WPR,WPR,1517356800,2018-01-31
WRC,296844,WRC,WRC,1503878400,2017-08-28
WT,746288,WT,WT,1526947200,2018-05-22
WTC,299397,WTC,WTC,1500595200,2017-07-21
WTL,926317,WTL,WTL,1525046400,2018-04-30
WYS,899504,WYS,WYS,1510876800,2017-11-17
X8X,450337,X8X,X8X,1509840000,2017-11-05
XAUR,25082,XAUR,XAUR,1470614400,2016-08-08
XBASE,927584,XBASE,XBASE,1555632000,2019-04-19
XBB,898360,XBB,BBK,1517184000,2018-01-29
XBL,375352,XBL,XBL,1501545600,2017-08-01
XBX,928785,XBX,XBX,1546128000,2018-12-30
XCD,726598,XCD,XCD,1525305600,2018-05-03
XCLR,848134,XCLR,XCLR,1510790400,2017-11-16
XDCE,477743,XDCE,XDCE,1517184000,2018-01-29
XES,887706,XES,XES,1516924800,2018-01-26
XET,913066,XET,XET,1527638400,2018-05-30
XMX,921375,XMX,XMX,1525910400,2018-05-10
XNG,35953,XNG,ENG,1507766400,2017-10-12
XNK,794362,XNK,XNK,1519344000,2018-02-23
XOV,929356,XOV,XOV,1524873600,2018-04-28
XPAT,920249,XPAT,XPAT,1523923200,2018-04-17
XUC,184221,XUC,XUC,1502409600,2017-08-11
XYO,795305,XYO,XYO,1515196800,2018-01-06
XZC,30022,XZC,XZC,1518912000,2018-02-18
YEE,719272,YEE,YEE,1515628800,2018-01-11
YOYOW,322002,YOYOW,YOYOW,1503705600,2017-08-26
YUP,921549,YUP,YUP,1520380800,2018-03-07
ZAP,684747,ZAP,ZAP,1507334400,2017-10-07
ZCN,917256,ZCN,ZCN,1527724800,2018-05-31
ZCO,876390,ZCO,ZCO,1517788800,2018-02-05
ZEC,24854,ZEC,ZEC,1477612800,2016-10-28
ZEON,929494,ZEON,ZEON,1539561600,2018-10-15
ZIL,716725,ZIL,ZIL,1515715200,2018-01-12
ZINC,916851,ZINC,ZINC,1519084800,2018-02-20
ZIP,925165,ZIP,ZIP,1517097600,2018-01-28
ZIPT,899541,ZIPT,ZIPT,1522281600,2018-03-29
ZLA,866472,ZLA,ZLA,1512000000,2017-11-30
ZMN,912878,ZMN,ZMN,1516320000,2018-01-19
ZPR,925282,ZPR,ZPR,1526515200,2018-05-17
ZRX,186277,ZRX,ZRX,1502409600,2017-08-11
ZSC,341328,ZSC,ZSC,1499558400,2017-07-09
ZT,932086,ZT,ZT,1531872000,2018-07-18
ZXC,920958,ZXC,ZXC,1529971200,2018-06-26
